O_ORDERKEY,O_CUSTKEY,O_ORDERSTATUS,O_TOTALPRICE,O_ORDERDATE,O_ORDERPRIORITY,O_CLERK,O_SHIPPRIORITY,O_COMMENT
2400001,21445,P,80291.26,03-04-1995,3-MEDIUM,Clerk#000000085,0,n deposits. blithely even accounts
2400002,104548,F,119166.38,25-08-1994,2-HIGH,Clerk#000000698,0,lar dependencies grow quickly beside the furiously even packages. fu
2400003,8512,O,271227.3,09-07-1996,1-URGENT,Clerk#000000557,0,en pearls are slyly after 
2400004,85286,O,150853.32,30-09-1996,1-URGENT,Clerk#000000938,0,"lar excuses. even, regular "
2400005,147364,F,96488.6,03-05-1994,2-HIGH,Clerk#000000844,0,o beans. quickly even courts promise furiously enticing waters-- furious
2400006,95339,O,275113.4,14-11-1995,1-URGENT,Clerk#000000017,0,instructions. slyly ironic deposits nag among the b
2400007,46249,F,182347.68,10-07-1993,4-NOT SPECIFIED,Clerk#000000453,0,aintain quickly furiously special theodolite
2400032,130357,F,49629.16,16-08-1994,5-LOW,Clerk#000000527,0,lyly final ideas. quickly final pinto beans are
2400033,138706,F,252678.56,01-02-1995,1-URGENT,Clerk#000000729,0,"the silent, regular requests are slyly regular deposits. blithely ironic d"
2400034,79036,F,191980.36,09-11-1994,1-URGENT,Clerk#000000586,0,lites. pinto beans haggle qui
2400035,90086,F,264244.97,09-04-1993,4-NOT SPECIFIED,Clerk#000000118,0,rding to the carefully special pac
2400036,118624,F,240961.82,31-05-1993,5-LOW,Clerk#000000640,0,yly. quickly even packages use. final ideas wake 
2400037,33697,O,89864.37,25-06-1997,2-HIGH,Clerk#000000296,0,thely blithe deposits. furiou
2400038,65305,F,77179.19,14-12-1992,2-HIGH,Clerk#000000673,0," detect slyly around the even, final "
2400039,8068,O,9561.67,28-02-1996,4-NOT SPECIFIED,Clerk#000000766,0,ounts? furiously regular
2400064,145765,O,55898.16,14-02-1996,5-LOW,Clerk#000000712,0,ng the slyly final realms. fluffily even deposits eat furiously slyly s
2400065,70822,O,167194.45,30-12-1996,1-URGENT,Clerk#000000012,0,t evenly among the slyly express deposits. furiously regul
2400066,25273,F,252423.29,07-05-1993,4-NOT SPECIFIED,Clerk#000000882,0,ckly. fluffily bold accounts
2400067,112898,O,185246.64,29-03-1998,4-NOT SPECIFIED,Clerk#000000515,0,ts are around the blithely regular deposits. slyly even theodolites ar
2400068,114808,O,309237.89,28-06-1996,5-LOW,Clerk#000000678,0,y ironic deposits. furious
2400069,103156,F,294964.49,17-12-1994,4-NOT SPECIFIED,Clerk#000000726,0,"l, ironic accounts. requests are above the ironic gi"
2400070,24100,O,122139.47,07-04-1997,2-HIGH,Clerk#000000102,0,believe slyly final accounts. unusual packages around
2400071,25478,F,7623.08,02-07-1994,1-URGENT,Clerk#000000535,0,ironic packages are furiously. silent pinto beans against the even requests a
2400096,102937,O,124112.91,26-10-1995,5-LOW,Clerk#000000748,0,counts. blithely final deposit
2400097,82705,F,168010.42,12-12-1994,4-NOT SPECIFIED,Clerk#000000750,0,"s. ironic, brave reques"
2400098,104477,O,122607.6,18-03-1996,2-HIGH,Clerk#000000571,0,maintain. fluffily final deposits x-ray across th
2400099,39943,O,49525.09,16-08-1997,2-HIGH,Clerk#000000639,0,ly ironic gifts. furiously ironic packages haggle ca
2400100,61102,F,199423.69,17-07-1992,5-LOW,Clerk#000000843,0,according to the blithely regular theodolites nag carefully special acco
2400101,19960,O,223678.02,25-02-1996,5-LOW,Clerk#000000916,0,"ges are blithely blithely bold courts? ironic, final acc"
2400102,37369,O,233587.79,09-12-1996,1-URGENT,Clerk#000000995,0,ng to the ironic asymp
2400103,140965,F,222455.82,03-03-1992,5-LOW,Clerk#000000001,0,"sly express packages. final, even pinto beans "
2400128,72964,F,238427.75,28-06-1994,3-MEDIUM,Clerk#000000607,0,eposits integrate slyly unusual patterns. fur
2400129,29437,O,160664.77,29-11-1997,2-HIGH,Clerk#000000981,0,quickly express dinos. fluffi
2400130,18034,F,67500.32,16-03-1993,2-HIGH,Clerk#000000329,0," deposits. special, final excuses a"
2400131,72892,F,46854.2,26-03-1993,5-LOW,Clerk#000000887,0,ly furiously ironic attainments. 
2400132,30088,F,268882.21,14-04-1994,2-HIGH,Clerk#000000630,0,ly ironic platelets integrat
2400133,5728,F,287617.91,03-02-1994,5-LOW,Clerk#000000666,0,"oss the furiously regular deposits kindle even, even packages. blit"
2400134,99754,F,109377.39,25-06-1994,2-HIGH,Clerk#000000456,0,t the regular accounts. packages sleep blithely slyly unusual pinto bean
2400135,1147,F,141748.69,02-07-1992,3-MEDIUM,Clerk#000000452,0,egular pinto beans boost slyly. pending pinto beans haggle
2400160,76900,F,157339.7,23-01-1995,1-URGENT,Clerk#000000316,0,c somas haggle along the i
2400161,25882,O,158337.78,29-12-1996,4-NOT SPECIFIED,Clerk#000000820,0,"t instructions sleep blithely enticing, special instructions. platelets caj"
2400162,115402,F,33917.23,10-01-1993,5-LOW,Clerk#000000737,0, packages against the ev
2400163,40966,F,7203.66,06-02-1993,3-MEDIUM,Clerk#000000524,0,"ke quickly theodolites. silent, ironic foxes dazzle after the unusual "
2400164,135922,O,55059.87,29-06-1997,4-NOT SPECIFIED,Clerk#000000655,0,dly unusual instructions wake slyly afte
2400165,79705,O,104193.8,14-10-1995,4-NOT SPECIFIED,Clerk#000000466,0,deposits are according to the furiously even requests. fluffily even
2400166,99326,F,201221.32,18-03-1992,1-URGENT,Clerk#000000827,0,into beans. furiousl
2400167,5780,O,246335.86,11-07-1995,4-NOT SPECIFIED,Clerk#000000082,0,carefully about the special reques
2400192,86078,F,113603.45,21-12-1994,5-LOW,Clerk#000000506,0,ncies. carefully final req
2400193,108349,F,200286.02,23-12-1992,2-HIGH,Clerk#000000901,0,out the packages na
2400194,146230,F,261486.25,30-04-1994,4-NOT SPECIFIED,Clerk#000000655,0,are furiously alongside of the accounts. bold pac
2400195,65347,O,33921.92,14-10-1997,4-NOT SPECIFIED,Clerk#000000433,0,s are alongside of the ruthlessly ironic i
2400196,105887,O,225465.88,23-02-1998,2-HIGH,Clerk#000000218,0,e blithely special sentiments. furiously final accounts lose blith
2400197,40378,F,33683.16,25-06-1993,1-URGENT,Clerk#000000876,0,sly even requests. quickly ironic asymptotes wake quickly above the b
2400198,18142,O,156329.35,04-08-1996,4-NOT SPECIFIED,Clerk#000000122,0,furiously furiously pending deposits. blithely ironi
2400199,90595,F,196238.24,24-05-1994,2-HIGH,Clerk#000000432,0,ep furiously. slyly ironic ac
2400224,98342,O,225229.56,20-08-1996,1-URGENT,Clerk#000000319,0," regular, furious dependencies am"
2400225,124207,O,235145.3,10-10-1997,1-URGENT,Clerk#000000394,0,ep furiously above th
2400226,121102,F,199870.52,03-08-1993,2-HIGH,Clerk#000000455,0,ntly unusual requests solve slyly accordin
2400227,133360,F,87187.39,04-02-1994,1-URGENT,Clerk#000000559,0,ray. bold deposits cajole. even requests affi
2400228,75229,O,145716.3,22-05-1997,1-URGENT,Clerk#000000515,0,sleep after the bli
2400229,5005,O,104717.73,13-04-1995,1-URGENT,Clerk#000000659,0,al foxes according to the furio
2400230,105865,O,72575.34,05-06-1995,1-URGENT,Clerk#000000084,0,nal pinto beans haggle carefully furiously 
2400231,92723,O,12422.2,18-07-1998,4-NOT SPECIFIED,Clerk#000000356,0,according to the theodolites solve quickly across the iron
2400256,29164,O,167631.27,17-07-1997,4-NOT SPECIFIED,Clerk#000000792,0," final, regular requests. slyly even foxes detect among the even depos"
2400257,98635,O,4736.2,04-06-1997,2-HIGH,Clerk#000000846,0, express accounts. carefully special asymptotes integrate carefully pe
2400258,95666,F,282562.35,09-05-1994,3-MEDIUM,Clerk#000000891,0,l pinto beans nag qui
2400259,7342,P,145253.69,30-05-1995,3-MEDIUM,Clerk#000000926,0,"ly. dependencies integrate; express, express instru"
2400260,81479,O,328930.12,14-11-1995,1-URGENT,Clerk#000000599,0,"nding, regular deposits. fluffily bold requests gr"
2400261,62876,F,110414.8,27-08-1994,1-URGENT,Clerk#000000603,0,packages. requests cajole carefully. i
2400262,146567,F,93301.63,17-10-1993,2-HIGH,Clerk#000000117,0,eposits. slyly regular accounts sleep? fl
2400263,42379,O,264069.5,20-05-1997,3-MEDIUM,Clerk#000000626,0,es haggle. foxes sleep furiousl
2400288,36964,F,121910.55,16-12-1994,1-URGENT,Clerk#000000222,0,ress foxes wake furiously alongside 
2400289,86392,O,267858.01,24-01-1997,5-LOW,Clerk#000000890,0," according to the special, final dolphins. packages are car"
2400290,115096,O,91302.74,24-11-1996,4-NOT SPECIFIED,Clerk#000000107,0, packages hang furiou
2400291,140237,O,153850.95,03-08-1997,1-URGENT,Clerk#000000266,0,its. blithely unusual
2400292,148831,F,241799.27,01-02-1992,2-HIGH,Clerk#000000278,0,fluffily against the furiously spe
2400293,140377,P,309125.13,09-04-1995,1-URGENT,Clerk#000000034,0,express asymptotes boost blit
2400294,100051,F,5881.44,08-01-1994,2-HIGH,Clerk#000000455,0,deas. pending accounts about the regu
2400295,47573,O,213304,14-02-1997,5-LOW,Clerk#000000340,0,e after the warhorses. p
2400320,54421,P,338159.28,26-05-1995,4-NOT SPECIFIED,Clerk#000000395,0,ns. dugouts sleep carefully furiously final accounts-- quickly regu
2400321,77359,O,70380.96,19-07-1996,4-NOT SPECIFIED,Clerk#000000652,0,equests. slyly ironic theodol
2400322,106270,F,194429.18,31-01-1992,5-LOW,Clerk#000000254,0, ironic platelets use slyly. fluffily 
2400323,20149,P,165366.89,10-03-1995,2-HIGH,Clerk#000000046,0,gle furiously among the carefully br
2400324,83950,O,282718.23,23-11-1996,1-URGENT,Clerk#000000858,0,es are. platelets cajole after the special deposits. bold accounts
2400325,43156,F,72198.38,26-09-1994,3-MEDIUM,Clerk#000000880,0,ckages are carefull
2400326,46186,O,77988.07,05-01-1996,3-MEDIUM,Clerk#000000662,0,ongside of the furiously final pinto beans haggle blithely packa
2400327,146828,O,392706.1,10-08-1996,2-HIGH,Clerk#000000102,0, slyly express accounts above the
2400352,83287,F,155932.71,06-04-1993,2-HIGH,Clerk#000000680,0, carefully express accounts. carefully regular theodolites hagg
2400353,143662,O,271713.87,01-02-1997,3-MEDIUM,Clerk#000000382,0,lly even pinto beans haggle furiously against the ironic ideas. pinto bean
2400354,110818,F,267147.95,19-01-1993,2-HIGH,Clerk#000000299,0,mong the pending accounts cajol
2400355,95638,F,260082.14,27-08-1993,5-LOW,Clerk#000000807,0,ns print about the quickly express fox
2400356,107584,O,164299.88,06-01-1996,4-NOT SPECIFIED,Clerk#000000394,0,ts sleep bravely. busily express packages are
2400357,37364,F,66417.46,19-07-1993,2-HIGH,Clerk#000000987,0,ng requests unwind fluffily after the furiously final theodolites. fu
2400358,68323,O,201518.9,22-08-1997,4-NOT SPECIFIED,Clerk#000000566,0,fully final accounts. fin
2400359,48406,O,192020.66,13-02-1996,5-LOW,Clerk#000000094,0,s the quickly express asymptotes. carefully special ideas use fluffily. caref
2400384,90859,O,106443.48,31-03-1998,5-LOW,Clerk#000000275,0,inside the boldly pending packages. bold requests cajole.
2400385,33901,F,164427.36,28-03-1994,1-URGENT,Clerk#000000369,0,ounts are furiously according to the fluffily regular accounts. spec
2400386,67139,F,54495.02,03-08-1992,1-URGENT,Clerk#000000825,0, dependencies. regular foxes integrat
2400387,99451,O,163747.64,17-10-1995,1-URGENT,Clerk#000000280,0,"ons sleep quickly. ironic, stealthy accounts haggl"
2400388,8770,F,347098.42,22-08-1993,2-HIGH,Clerk#000000848,0,ts mold silently carefully silent requests. express
2400389,82942,O,159041.33,10-05-1997,2-HIGH,Clerk#000000017,0, use slyly against the furiously even foxes. furiou
2400390,27592,O,48737.72,13-11-1996,2-HIGH,Clerk#000000402,0,kages are. instructions cajole blithely aroun
2400391,78050,P,229517.65,17-03-1995,2-HIGH,Clerk#000000372,0,"orges use furiously alongside of the final, regular"
2400416,32173,O,176043.66,27-09-1997,3-MEDIUM,Clerk#000000467,0, ideas. excuses use carefully final packages. specia
2400417,126373,F,69751.11,04-08-1993,4-NOT SPECIFIED,Clerk#000000891,0,uickly express requests cajole carefully unusual theodolit
2400418,94558,F,68980.76,26-05-1993,1-URGENT,Clerk#000000017,0,ely final pinto beans ha
2400419,103150,P,91555.79,11-03-1995,1-URGENT,Clerk#000000631,0,ess accounts cajole careful
2400420,72868,O,180096.13,19-03-1998,1-URGENT,Clerk#000000674,0,"g the deposits wake fluffily special, special accounts. "
2400421,60496,O,78061.77,07-02-1996,5-LOW,Clerk#000000034,0,s detect furiously ironic foxes. carefully ironic accounts cajole slyly unusu
2400422,49214,F,278282.18,28-10-1994,2-HIGH,Clerk#000000075,0,s sleep quickly. even packages wake furiously against the
2400423,34978,F,1480.87,15-11-1992,4-NOT SPECIFIED,Clerk#000000695,0,gle evenly ironic packages. slyl
2400448,16816,O,75236.44,04-02-1996,2-HIGH,Clerk#000000683,0,telets haggle: blithely regular depths wake! furiously 
2400449,146660,F,150947.38,18-08-1992,4-NOT SPECIFIED,Clerk#000000844,0,es. carefully even accounts integrate blithely
2400450,98399,O,37265.04,01-09-1996,1-URGENT,Clerk#000000319,0,mptotes; fluffily regular escapades sleep
2400451,40619,F,21750.88,18-06-1992,2-HIGH,Clerk#000000118,0, furiously. packages haggle across t
2400452,24218,F,131372.2,19-07-1993,2-HIGH,Clerk#000000027,0,"yly regular ideas mold carefully for the silent, final requests. carefully "
2400453,75295,F,231666.44,14-11-1994,1-URGENT,Clerk#000000553,0,he ironic packages. blithely pending deposits try to use blithely ag
2400454,50291,F,380372.66,22-04-1994,2-HIGH,Clerk#000000958,0,odolites. special fo
2400455,132547,O,222856.38,19-07-1998,4-NOT SPECIFIED,Clerk#000000470,0,ly across the carefully express deposits. silent theodolites sleep 
2400480,47474,O,137025.65,13-07-1995,5-LOW,Clerk#000000591,0,odolites sleep carefully i
2400481,39556,F,152330.98,04-08-1994,4-NOT SPECIFIED,Clerk#000000418,0,ly ironic packages are. req
2400482,14530,O,182885.79,26-06-1998,1-URGENT,Clerk#000000825,0,inly at the special dependencies. special req
2400483,139667,F,132364.55,08-02-1994,4-NOT SPECIFIED,Clerk#000000236,0,jole along the quickly r
2400484,16700,F,238178.26,22-12-1992,4-NOT SPECIFIED,Clerk#000000785,0,sual pinto beans detect carefully. furiously regular theodolites a
2400485,26648,F,74991.68,02-04-1994,1-URGENT,Clerk#000000895,0,xes across the quickly even packages breach quickly blithely ironic theodol
2400486,122140,O,158897.28,08-05-1997,4-NOT SPECIFIED,Clerk#000000043,0,ious accounts wake fluffily carefully regular deposits. fur
2400487,34907,F,340988.87,25-04-1993,4-NOT SPECIFIED,Clerk#000000841,0,he slyly fluffy requests haggle across the blithely pending packages. c
2400512,17819,O,81886.1,02-02-1996,2-HIGH,Clerk#000000768,0,"oxes. theodolites across the regular, express "
2400513,73285,O,89012.8,23-06-1998,1-URGENT,Clerk#000000148,0,long the furiously special instructions. furiously ruthless deposits det
2400514,40843,F,255177.81,06-09-1992,3-MEDIUM,Clerk#000000137,0,ully furiously bold platelets. slyly
2400515,19733,O,136128.63,10-05-1997,4-NOT SPECIFIED,Clerk#000000244,0,s wake fluffily after the carefully even deposits. carefully bold theo
2400516,149830,F,262989.4,22-12-1992,3-MEDIUM,Clerk#000000109,0,ions? packages sleep. furiously ev
2400517,137428,F,58526.3,06-08-1992,1-URGENT,Clerk#000000669,0,as wake bravely among the blithely unusual asymptotes. express a
2400518,38609,F,192377.24,07-01-1993,3-MEDIUM,Clerk#000000922,0,es among the quickly 
2400519,147355,F,11898.28,28-01-1995,4-NOT SPECIFIED,Clerk#000000813,0,y regular accounts: bravely brave accounts are quickly furiously 
2400544,77749,O,191828.2,18-07-1996,3-MEDIUM,Clerk#000000821,0,ans. blithely close deposits
2400545,55246,O,199943,18-04-1997,4-NOT SPECIFIED,Clerk#000000977,0,"eposits. final, pending foxes haggle"
2400546,138010,O,44501.56,09-10-1995,1-URGENT,Clerk#000000036,0,ithely ironic foxes sleep idly about the caref
2400547,61174,O,271999.51,14-05-1998,4-NOT SPECIFIED,Clerk#000000807,0,riously final pinto beans wake quickl
2400548,41159,F,107286.78,11-02-1992,4-NOT SPECIFIED,Clerk#000000890,0,. special deposits sleep thinly a
2400549,96602,O,113452.82,21-04-1998,3-MEDIUM,Clerk#000000970,0, the fluffily final courts nag sometimes in place of th
2400550,126382,F,57934.71,10-02-1993,4-NOT SPECIFIED,Clerk#000000949,0," wake quickly. ironic, bold orbits haggle slyly. slyly unusual instructions "
2400551,80138,O,207983.14,21-10-1995,1-URGENT,Clerk#000000618,0,"ironic requests maintain even, express pinto beans. furiously regular de"
2400576,17753,O,183192.01,28-10-1995,1-URGENT,Clerk#000000753,0," even, ironic frets. bold, unu"
2400577,15007,F,14634.98,22-12-1992,4-NOT SPECIFIED,Clerk#000000109,0,"ven packages. regular, ironic foxes"
2400578,54854,F,150466.7,04-08-1994,5-LOW,Clerk#000000893,0,le blithely after the speci
2400579,22367,F,178171.9,30-07-1994,5-LOW,Clerk#000000420,0," doubt furiously. fluffily final requests are bold, fin"
2400580,7286,F,247790.78,04-08-1992,4-NOT SPECIFIED,Clerk#000000693,0,lyly bold asymptotes are quickly blithely even instructions. sly reque
2400581,51280,F,36953.37,20-07-1992,3-MEDIUM,Clerk#000000252,0,nusual requests. even asymptotes alongside of the iron
2400582,111412,O,136484.87,18-04-1996,5-LOW,Clerk#000000594,0,s packages sleep quickly special pinto
2400583,41581,O,125613.38,24-04-1995,4-NOT SPECIFIED,Clerk#000000900,0,he quickly final packag
2400608,133207,F,128715.49,16-03-1993,4-NOT SPECIFIED,Clerk#000000269,0,fluffily regular platelets. furiously ironic requests cajole furiously furi
2400609,29983,F,54624.31,04-09-1992,4-NOT SPECIFIED,Clerk#000000710,0,"l deposits. pending, special requests boo"
2400610,62728,F,38980.03,18-05-1993,5-LOW,Clerk#000000768,0,equests. express instructions haggle
2400611,53110,F,166145.08,07-10-1994,3-MEDIUM,Clerk#000000423,0,lar theodolites sleep fluf
2400612,97690,F,232845.98,01-02-1995,5-LOW,Clerk#000000470,0,onic accounts cajole requests. furiously bold asympto
2400613,98128,O,43684.16,15-07-1995,4-NOT SPECIFIED,Clerk#000000055,0," packages. regular, ironic asymptotes affix furiously fin"
2400614,130312,O,93261.13,02-10-1996,5-LOW,Clerk#000000966,0,". ironic, regular requests cajole along the final accounts. packages ki"
2400615,121558,F,54995.91,20-06-1994,4-NOT SPECIFIED,Clerk#000000081,0,ay. carefully bold depths across the furiously unusual requests affi
2400640,350,F,206605.29,03-05-1995,4-NOT SPECIFIED,Clerk#000000076,0,c ideas doubt speci
2400641,25240,O,312724.98,07-07-1996,2-HIGH,Clerk#000000061,0,dependencies boost along the slyly f
2400642,128176,F,252331.63,17-08-1994,5-LOW,Clerk#000000192,0,ounts are ironic deposits. blithely ironic platelets boost slyly about the id
2400643,103042,F,243524.76,25-03-1993,2-HIGH,Clerk#000000221,0,. slyly silent deposits cajole carefully regular patterns. regu
2400644,45005,O,261349.08,29-01-1998,2-HIGH,Clerk#000000109,0,sits poach carefully a
2400645,93038,O,315725.65,11-11-1996,1-URGENT,Clerk#000000289,0,"ven platelets. carefully express orbits are fluffily express, even packages. b"
2400646,79468,O,168768.38,25-12-1996,1-URGENT,Clerk#000000298,0,express requests boost furiously. fluffily ironic courts boost iro
2400647,139895,F,178173.91,30-05-1994,4-NOT SPECIFIED,Clerk#000000446,0,d into the slyly unusual realms. fluffily regular requests wake. bold pearls 
2400672,99451,O,175200.51,21-12-1997,1-URGENT,Clerk#000000639,0,xes eat. fluffily regular pinto beans haggle idly with the
2400673,17410,O,245796.19,12-10-1995,3-MEDIUM,Clerk#000000812,0,al deposits. packages boost carefully. court
2400674,100660,O,54964,09-05-1998,1-URGENT,Clerk#000000018,0,al theodolites. blithely special instructions boost. s
2400675,65869,O,174355.31,16-05-1997,3-MEDIUM,Clerk#000000631,0,mong the busily regular deposits integrate carefully
2400676,27796,F,162224.95,23-05-1994,2-HIGH,Clerk#000000521,0,ns. frays haggle blithely: fl
2400677,57203,O,189581.13,26-04-1997,3-MEDIUM,Clerk#000000947,0," bold, ironic pinto bean"
2400678,57316,F,155842.78,15-01-1992,1-URGENT,Clerk#000000338,0,"pending asymptotes. regular,"
2400679,131813,O,162352.93,14-09-1996,4-NOT SPECIFIED,Clerk#000000043,0,leep blithely silent
2400704,19798,O,139303.93,22-11-1996,2-HIGH,Clerk#000000359,0,. furiously ironic accounts wake carefully. blithely final deposi
2400705,16099,O,231260.21,13-11-1995,3-MEDIUM,Clerk#000000007,0,ages. special foxes are. always sly deposits cajole about the furiousl
2400706,111454,P,196387.46,24-03-1995,2-HIGH,Clerk#000000283,0,sly carefully even theodo
2400707,135508,F,161057.31,30-01-1993,1-URGENT,Clerk#000000374,0,"sual accounts inside the pending, ironic dep"
2400708,20653,F,129833.79,27-04-1994,2-HIGH,Clerk#000000742,0,fluffily special theodolites boost slyly according to the deposit
2400709,2557,F,92290.23,07-03-1995,3-MEDIUM,Clerk#000000040,0, carefully slyly ironic deposits. carefully express platelets dazzle furi
2400710,64270,O,98101.02,07-06-1997,1-URGENT,Clerk#000000888,0,riously final pinto beans cajole furiously slyly final a
2400711,20045,F,197709.29,07-05-1994,2-HIGH,Clerk#000000437,0,final dependencies sleep quickly along
2400736,129632,O,136820.19,02-09-1996,3-MEDIUM,Clerk#000000606,0,fully final requests nag slyly. slyly p
2400737,123139,O,115830.21,05-07-1995,1-URGENT,Clerk#000000782,0,ding to the even accounts detect according to the express packages. iro
2400738,24091,F,277907.92,14-01-1992,1-URGENT,Clerk#000000116,0,y ironic packages wake furi
2400739,41170,F,140585.79,27-12-1994,4-NOT SPECIFIED,Clerk#000000919,0,instructions. express gi
2400740,126377,F,106333.91,21-01-1992,4-NOT SPECIFIED,Clerk#000000912,0,"ges cajole unusual, regular deposits-- ironic, bold dolphins x-r"
2400741,1990,F,161565.21,25-09-1992,3-MEDIUM,Clerk#000000217,0,o beans wake blithely de
2400742,136631,O,89153.5,18-04-1998,1-URGENT,Clerk#000000415,0,c deposits. slowly bold foxes affix slyly. slowly pend
2400743,144743,O,63624.1,03-07-1998,4-NOT SPECIFIED,Clerk#000000054,0,ully carefully regular ideas. regular instructions nag according to the quic
2400768,141557,O,99217.67,18-04-1997,4-NOT SPECIFIED,Clerk#000000684,0,"e packages. final, regular deposits wake furiously. express deposits nag. care"
2400769,134948,F,36393.46,15-09-1993,2-HIGH,Clerk#000000448,0, to the quickly final packages haggle slyly final requests! unusual i
2400770,56020,O,136418.82,31-07-1995,4-NOT SPECIFIED,Clerk#000000609,0,refully even accoun
2400771,101380,O,185450.59,14-01-1997,1-URGENT,Clerk#000000323,0,s haggle at the regular excuses. slyly expre
2400772,11441,F,153696.94,28-03-1993,1-URGENT,Clerk#000000237,0,ggle across the slyly unusual deposits. unusual
2400773,131110,F,240560.1,30-12-1993,1-URGENT,Clerk#000000185,0, deposits. silent accounts boost furiously dogged packages. furi
2400774,37702,F,176177,30-08-1993,5-LOW,Clerk#000000029,0," slyly busy frays. slyly idle foxes are along the pending, final"
2400775,35039,F,8663.93,12-10-1992,2-HIGH,Clerk#000000314,0,ly final excuses. careful
2400800,136369,O,403364.97,25-12-1995,5-LOW,Clerk#000000277,0,affix carefully around the silent req
2400801,97936,O,25127.19,24-10-1997,1-URGENT,Clerk#000000016,0," regular, even depos"
2400802,38251,F,112362.67,22-10-1992,3-MEDIUM,Clerk#000000297,0, integrate furiously. even instructions detect carefully after the 
2400803,123010,F,118927.44,29-07-1993,4-NOT SPECIFIED,Clerk#000000639,0,uickly regular requests detect 
2400804,117940,O,11843.18,01-07-1998,2-HIGH,Clerk#000000665,0,ans doze slyly according to the bold
2400805,110728,F,267255.27,27-01-1993,3-MEDIUM,Clerk#000000585,0,slyly regular frays sleep quickly slyly express d
2400806,82421,F,17352.78,06-09-1992,3-MEDIUM,Clerk#000000771,0,ts about the slyly ironic gifts sleep slyly slyly ironic 
2400807,143284,O,108845.14,04-04-1996,4-NOT SPECIFIED,Clerk#000000066,0,"r requests across the even, un"
2400832,45067,F,49766.59,21-09-1993,5-LOW,Clerk#000000417,0,ic deposits affix slyly a
2400833,72088,O,182496.93,16-03-1998,4-NOT SPECIFIED,Clerk#000000806,0,to the furiously even platelets. slyly fina
2400834,32119,F,2397.36,14-12-1994,5-LOW,Clerk#000000080,0,ironic packages according to the even 
2400835,93464,O,86543.56,14-07-1998,5-LOW,Clerk#000000812,0,fully unusual instructions are after th
2400836,34981,O,13949.11,21-03-1996,5-LOW,Clerk#000000577,0,ffily regular asymptotes doubt quickly acro
2400837,44260,O,245091.95,27-08-1996,3-MEDIUM,Clerk#000000822,0,riously furiously silent deposits
2400838,10222,F,111919,29-06-1992,5-LOW,Clerk#000000957,0,"ely unusual requests. final deposits nag about the daring,"
2400839,29584,F,22703.08,20-10-1993,1-URGENT,Clerk#000000861,0,"regular packages at the ironic, quiet pinto b"
2400864,89038,F,264625.3,25-10-1992,3-MEDIUM,Clerk#000000750,0,sts wake blithely. silently close 
2400865,29090,O,181424.78,13-06-1998,1-URGENT,Clerk#000000957,0,thely after the closely final deposits. pending packages ar
2400866,49472,F,60834.25,13-07-1992,3-MEDIUM,Clerk#000000585,0,s integrate furious
2400867,21647,F,43738.97,19-03-1993,5-LOW,Clerk#000000992,0,"kages after the final, final foxes engage fluffily across the blith"
2400868,57449,F,88354.12,19-01-1993,1-URGENT,Clerk#000000907,0,". unusual requests sleep against the special, special accounts. quickly un"
2400869,136180,F,121388.95,20-05-1994,1-URGENT,Clerk#000000719,0,"luffily unusual realms boost. bold, regular id"
2400870,77135,F,126654.12,23-08-1993,1-URGENT,Clerk#000000337,0,ts cajole blithely asymptotes. carefully ironic instructions along the s
2400871,91265,F,208778.34,27-07-1993,4-NOT SPECIFIED,Clerk#000000855,0,"azzle. special, pendin"
2400896,127058,F,39814.39,23-09-1992,3-MEDIUM,Clerk#000000683,0,s instructions. furiously final theodolites haggle blithely quic
2400897,62881,O,88256.54,27-03-1998,3-MEDIUM,Clerk#000000498,0,ng foxes x-ray speci
2400898,60668,O,176799.23,27-07-1997,2-HIGH,Clerk#000000713,0, unusual ideas sleep fluffily besides t
2400899,96055,O,98884.39,05-03-1996,1-URGENT,Clerk#000000271,0, fluffily regular Tiresias wake across the 
2400900,84575,F,12191.65,25-07-1993,3-MEDIUM,Clerk#000000485,0,ly unusual accounts are-- slyly final requests about the b
2400901,37364,F,139095.77,18-01-1994,2-HIGH,Clerk#000000503,0,"tect carefully bold, express requests. blithely ironic packages wake "
2400902,68515,O,56184.66,19-06-1998,4-NOT SPECIFIED,Clerk#000000383,0,"nusual, ironic packages haggle quickly. final cour"
2400903,114505,F,64284.61,10-06-1993,5-LOW,Clerk#000000242,0,ns run. furiously regul
2400928,115408,F,225036.1,12-05-1994,5-LOW,Clerk#000000264,0,uriously final accounts. blithe
2400929,147898,O,50002.11,27-11-1995,5-LOW,Clerk#000000783,0,eposits haggle brave accounts. daring
2400930,43298,O,132627.94,30-11-1995,2-HIGH,Clerk#000000143,0,ng deposits along the furiously silent de
2400931,53003,F,127122.39,18-02-1993,4-NOT SPECIFIED,Clerk#000000986,0,". final, ironic packages across the ironic, ironic pinto beans are quick"
2400932,109012,F,334493.66,07-12-1994,5-LOW,Clerk#000000566,0,ly express deposits. blithely even requests according to the carefully ironic 
2400933,31183,O,110103.86,15-03-1998,4-NOT SPECIFIED,Clerk#000000205,0,"p carefully carefully final deposits. regular, blithe instructions"
2400934,136390,O,295036.71,22-05-1997,2-HIGH,Clerk#000000567,0,he silently unusual asympto
2400935,131293,O,261074.6,13-06-1996,1-URGENT,Clerk#000000884,0,realms doubt blithely regular theodolites. dep
2400960,108799,O,232473.51,21-10-1997,3-MEDIUM,Clerk#000000769,0,y dogged dolphins use quickly around the carefully unusual pinto be
2400961,76103,F,178097.92,06-01-1995,1-URGENT,Clerk#000000427,0,"usly even requests shall have to wake fluffily regular, even ac"
2400962,11659,F,146705.96,04-04-1992,5-LOW,Clerk#000000962,0,requests grow sly warhorses. deposits doze.
2400963,48437,O,259727.4,03-07-1995,2-HIGH,Clerk#000000419,0,es. fluffily regular deposits against the quickly bold instructions haggle car
2400964,30004,O,192140.09,30-12-1995,3-MEDIUM,Clerk#000000812,0,equests. careful courts wake. furiously specia
2400965,111667,P,225054.15,15-03-1995,4-NOT SPECIFIED,Clerk#000000169,0,y regular theodolites use bli
2400966,108817,O,73717.42,31-10-1997,3-MEDIUM,Clerk#000000828,0,es wake slyly. quickly regular packages sleep careful
2400967,73199,O,292531.74,21-03-1996,2-HIGH,Clerk#000000999,0,s. furiously even the
2400992,91327,F,51953.52,22-05-1992,1-URGENT,Clerk#000000344,0,". packages integrate carefully unusual, silent pac"
2400993,130952,F,62088.01,03-10-1994,2-HIGH,Clerk#000000066,0,inal grouches wake carefully. blithely final theodolites l
2400994,105931,O,80396.53,03-02-1997,1-URGENT,Clerk#000000186,0, the fluffily ironic ideas. blithely ironic
2400995,32212,O,187353.84,20-09-1996,3-MEDIUM,Clerk#000000380,0, are according to the excuses. regular sheaves do integrate q
2400996,24697,F,73478.28,14-01-1995,4-NOT SPECIFIED,Clerk#000000428,0, courts. pending packages cajole above the slyly express asympto
2400997,24466,F,209566.27,23-11-1992,4-NOT SPECIFIED,Clerk#000000517,0,ourts haggle carefully about the ironic pinto beans. carefully final orbits
2400998,39071,F,89515.09,05-04-1994,4-NOT SPECIFIED,Clerk#000000128,0,old accounts. theodolites cajole regu
2400999,115955,F,36714.87,11-02-1993,3-MEDIUM,Clerk#000000199,0,"ntegrate. express, daring packages integra"
2401024,46016,F,103877.34,28-04-1994,3-MEDIUM,Clerk#000000112,0,courts among the requests play slyly express ideas. slyly bold deposit
2401025,127876,F,93569.71,27-06-1994,4-NOT SPECIFIED,Clerk#000000124,0,against the furiously regular asy
2401026,135715,O,263905.13,08-05-1996,3-MEDIUM,Clerk#000000971,0,". quickly ironic courts alongside of the regular, bold accounts haggle fur"
2401027,33778,O,124989.33,12-06-1995,2-HIGH,Clerk#000000049,0,ake slyly for the ex
2401028,74045,O,162954.03,18-01-1998,3-MEDIUM,Clerk#000000289,0,long the regular theodolites
2401029,62392,O,71626.32,18-06-1997,1-URGENT,Clerk#000000860,0,lar platelets lose blithely at the furiously speci
2401030,89116,F,62335.85,21-07-1993,1-URGENT,Clerk#000000840,0, even theodolites sleep carefully. thinly special accounts must 
2401031,145414,F,97533,19-12-1992,2-HIGH,Clerk#000000838,0,"packages sleep slyly. pending, final dolphins sleep quickly special, even pa"
2401056,15022,F,336117.69,18-03-1992,1-URGENT,Clerk#000000487,0,egular deposits. carefully regular foxes
2401057,148612,F,23645.67,17-06-1992,3-MEDIUM,Clerk#000000587,0, final accounts serve blithely accounts. quickly unu
2401058,58855,O,72639.71,06-10-1997,3-MEDIUM,Clerk#000001000,0,"out the regular, ironic requests. unusual, ironic packages wake s"
2401059,63970,O,85846.61,27-05-1998,2-HIGH,Clerk#000000330,0,to beans. blithely special deposits nag furiously accoun
2401060,80695,O,10002.42,03-05-1998,1-URGENT,Clerk#000000050,0,sh slyly slyly special patterns. ironic depths nod always pendi
2401061,69958,O,32655.05,08-10-1996,3-MEDIUM,Clerk#000000629,0, wake carefully across the slyly final accounts. busily
2401062,78710,O,38340.02,03-06-1997,2-HIGH,Clerk#000000963,0,e ironic foxes sleep along the 
2401063,20710,F,107427.01,25-12-1993,2-HIGH,Clerk#000000797,0, the blithely final packages are slyly pending asymp
2401088,46795,O,11370.49,11-07-1998,3-MEDIUM,Clerk#000000905,0,xes wake slyly carefully ironic requests. quickly
2401089,24796,F,136453.4,18-01-1993,2-HIGH,Clerk#000000511,0,nst the carefully express instructions. carefully pe
2401090,17638,O,146395.62,19-08-1995,2-HIGH,Clerk#000000392,0,"ilent deposits nag slyly final, bold pinto beans. slowly final acc"
2401091,38344,O,71877.8,21-03-1997,2-HIGH,Clerk#000000435,0,imes pending requests above the ideas 
2401092,34628,O,229652.48,13-06-1996,4-NOT SPECIFIED,Clerk#000000942,0,ven theodolites impress slyly even foxes. fluffily expres
2401093,127691,F,55444.7,10-02-1994,1-URGENT,Clerk#000000388,0,its alongside of the carefully speci
2401094,44140,P,184072.69,13-05-1995,2-HIGH,Clerk#000000765,0,s detect slyly against the daring orbits. slyly regular requests are. dogged 
2401095,100397,F,292020.64,15-10-1992,3-MEDIUM,Clerk#000000057,0,cross the stealthy accounts wake slyly above the carefully iro
2401120,8551,O,214383.48,05-01-1997,4-NOT SPECIFIED,Clerk#000000282,0, ironic packages against the deposits wake attainments; carefully ironi
2401121,145549,F,247717.28,03-02-1992,2-HIGH,Clerk#000000150,0,te slyly even dugouts. pinto beans above the carefull
2401122,18439,O,143888.41,19-03-1998,2-HIGH,Clerk#000000367,0, unusual deposits maintain. blithely express instructions haggle slyly
2401123,143839,O,195582.8,25-06-1997,2-HIGH,Clerk#000000902,0,y foxes; blithely fin
2401124,91315,F,143401.24,14-10-1994,4-NOT SPECIFIED,Clerk#000000959,0,nly ironic platelets haggle carefully. iro
2401125,72382,O,258891.13,07-02-1998,3-MEDIUM,Clerk#000000787,0,"ing instructions? silent, unusual deposits wake slyly. unusual reques"
2401126,6763,F,95580.79,11-02-1994,5-LOW,Clerk#000000637,0,carefully regular theodolites sleep slyly. thinly unusual instructions ab
2401127,89278,O,203428,26-04-1996,5-LOW,Clerk#000000026,0,its. fluffily regular requests kindle b
2401152,13345,F,50777.59,14-07-1993,5-LOW,Clerk#000000389,0,uthless accounts cajole above the fluffily final packages. express pack
2401153,10781,O,160958.48,01-09-1996,3-MEDIUM,Clerk#000000710,0,"le among the blithe, pending pinto beans. ironic packages play furiously along"
2401154,131497,F,139753.71,25-11-1993,1-URGENT,Clerk#000000332,0,ages thrash across the blithely 
2401155,88694,O,115425.15,19-11-1996,5-LOW,Clerk#000000653,0,yly carefully unusual packages. regular instructions use blithel
2401156,121027,F,260208.61,12-06-1993,4-NOT SPECIFIED,Clerk#000000628,0,counts. slyly regular packag
2401157,98483,O,106533.59,08-05-1996,1-URGENT,Clerk#000000886,0,"nst the packages. unusual theodolites across the bold, ironic deposits ca"
2401158,103711,F,79551.1,10-07-1992,2-HIGH,Clerk#000000998,0,osits. carefully final deposits across the furiously bo
2401159,49288,O,225064.15,27-10-1996,4-NOT SPECIFIED,Clerk#000000296,0,telets. furiously iro
2401184,57583,O,341498.41,01-07-1996,3-MEDIUM,Clerk#000000074,0,s. even accounts according to the carefu
2401185,143659,F,142707.29,06-07-1992,3-MEDIUM,Clerk#000000434,0, express pinto beans sleep 
2401186,51013,F,273839.57,24-11-1993,5-LOW,Clerk#000000226,0,s; regular epitaphs maintain blithely. accou
2401187,106205,F,215134.53,23-09-1993,5-LOW,Clerk#000000400,0,ly: final courts sleep pinto beans. even pa
2401188,137294,O,153685.82,19-09-1997,5-LOW,Clerk#000000563,0,"he dogged, regular pinto beans are alongside of the carefully final"
2401189,35314,O,313016.31,11-03-1996,1-URGENT,Clerk#000000030,0,uriously bold accounts. quickly express pinto beans ru
2401190,104117,O,217018,26-11-1995,1-URGENT,Clerk#000000868,0,"ly about the packages. regular, regular de"
2401191,132731,O,117103.41,08-12-1997,5-LOW,Clerk#000000813,0," above the even, fi"
2401216,1775,F,256437.48,11-06-1993,4-NOT SPECIFIED,Clerk#000000699,0,cajole after the slyly pending pinto beans. ironic as
2401217,123110,O,12055.24,06-11-1995,5-LOW,Clerk#000000290,0, pending platelets. quickly final instructions nag fluffily. fluffily pe
2401218,7619,O,239874.7,08-05-1996,3-MEDIUM,Clerk#000000357,0,mes unusual asymptotes affix bli
2401219,90421,F,110396.68,14-09-1992,1-URGENT,Clerk#000000002,0,ccounts. even accounts 
2401220,46820,F,100328.91,26-08-1993,2-HIGH,Clerk#000000870,0,silent pinto beans? special dependencies are across the carefully pendi
2401221,138704,O,124147.43,29-06-1996,2-HIGH,Clerk#000000044,0,he furiously pending foxes: even packages cajole fluffily final ideas. ironi
2401222,47449,F,217465.47,26-03-1992,4-NOT SPECIFIED,Clerk#000000207,0," furiously after the carefully ironic foxes. ironic, bold d"
2401223,46996,O,267534.62,27-02-1997,1-URGENT,Clerk#000000495,0, express deposits. slyly final pinto beans according
2401248,107762,O,78239.13,16-02-1996,2-HIGH,Clerk#000000362,0,ans. pending packages among the pending courts thrash carefully unusua
2401249,48832,O,42015.76,28-11-1997,4-NOT SPECIFIED,Clerk#000000752,0,dolites sleep furiously against the fluffily b
2401250,40096,O,41555.24,16-11-1996,1-URGENT,Clerk#000000223,0,uests nag? furiously ironic excuses are across the fluffily regular ide
2401251,77845,F,318629.18,14-05-1994,4-NOT SPECIFIED,Clerk#000000300,0,the deposits haggle ruthl
2401252,21343,O,258592.96,24-12-1996,4-NOT SPECIFIED,Clerk#000000820,0,ly against the special packages. slyly even packages haggle. 
2401253,38881,F,185755.05,05-02-1994,3-MEDIUM,Clerk#000000383,0,busy accounts. bold idea
2401254,51016,O,28219.8,01-05-1996,4-NOT SPECIFIED,Clerk#000000384,0,uffily express instructions haggle.
2401255,145636,F,57632.16,31-03-1994,4-NOT SPECIFIED,Clerk#000000131,0,ly ironic decoys cajole at the 
2401280,131248,F,143434.94,19-01-1992,3-MEDIUM,Clerk#000000226,0,"the ironic requests. unusual, expres"
2401281,112708,O,73667.01,07-10-1995,2-HIGH,Clerk#000000326,0, sheaves across the regular hockey players wake carefully about the 
2401282,56414,O,242717.4,14-12-1995,5-LOW,Clerk#000000319,0,. furiously regular deposits breach among the special packages. s
2401283,140711,F,205228.37,06-11-1994,3-MEDIUM,Clerk#000000247,0,ronic deposits. regularly even requests boost against the carefully reg
2401284,29104,F,215703.43,29-07-1993,3-MEDIUM,Clerk#000000646,0,structions. blithely express accounts are quickly along t
2401285,136240,F,159350.42,06-07-1994,3-MEDIUM,Clerk#000000695,0,lphins. bold deposits along the even theodolites sleep furiously about the fi
2401286,12007,O,120749.84,28-07-1995,5-LOW,Clerk#000000088,0,"final, enticing ideas sleep blithely s"
2401287,19678,O,124494.08,03-07-1995,4-NOT SPECIFIED,Clerk#000000649,0,"thlessly even foxes haggle about the even, regular foxes. carefully spe"
2401312,126364,F,173468.32,09-01-1995,2-HIGH,Clerk#000000795,0,ly over the fluffily enticing foxes. blithely even dolph
2401313,91346,F,236160.6,03-08-1993,1-URGENT,Clerk#000000245,0,l courts use ruthlessly. quickly regular asymptotes wake furi
2401314,143101,F,149254.82,06-03-1995,1-URGENT,Clerk#000000590,0,s. enticingly unusual depo
2401315,141958,O,118888.43,18-06-1996,3-MEDIUM,Clerk#000000569,0,xpress deposits boost furiously along the thinly even accounts. even d
2401316,133784,F,90523.91,14-03-1995,3-MEDIUM,Clerk#000000656,0,lar requests sleep carefully alongside of the fina
2401317,141221,F,356697.06,30-06-1993,1-URGENT,Clerk#000000369,0,pending packages. slyly final pint
2401318,46156,F,305787.88,10-02-1994,3-MEDIUM,Clerk#000000357,0,ithely according to the slyly ironic excuse
2401319,61999,F,32486.71,16-09-1993,1-URGENT,Clerk#000000903,0,ic asymptotes wake daringly ironic pinto beans. accounts se
2401344,105190,F,165530.31,22-01-1992,5-LOW,Clerk#000000342,0, platelets boost blithely. silen
2401345,6100,F,184446.69,09-04-1992,2-HIGH,Clerk#000000466,0,carefully even deposits nag slyly-- pending epitaphs wake 
2401346,55549,O,120417.79,31-10-1996,2-HIGH,Clerk#000000591,0,quickly final pinto
2401347,10849,O,177799.4,30-08-1997,1-URGENT,Clerk#000000028,0, furiously even pinto beans do cajole 
2401348,76511,O,75912.92,15-06-1996,1-URGENT,Clerk#000000089,0,ructions serve. regular instructions eat slyly e
2401349,106483,O,137414.14,22-06-1997,3-MEDIUM,Clerk#000000326,0,ic frays. closely unus
2401350,141997,O,214821.86,06-03-1998,1-URGENT,Clerk#000000793,0,regular deposits affix about the regul
2401351,21814,O,261429.26,05-07-1998,3-MEDIUM,Clerk#000000707,0,"usly. furiously final pinto beans integrate. regular, final instructions sl"
2401376,22633,F,177808.02,19-05-1994,3-MEDIUM,Clerk#000000311,0,s. quickly ironic depende
2401377,109957,F,184202.76,28-05-1992,1-URGENT,Clerk#000000765,0,ilent ideas. silently ironic instructions integrate special
2401378,38434,F,140913.92,03-06-1993,4-NOT SPECIFIED,Clerk#000000789,0,al requests use. platelet
2401379,45238,F,183498.11,14-08-1994,1-URGENT,Clerk#000000561,0,the quickly special accounts. carefully regular platelets slee
2401380,109639,O,26802.69,13-06-1997,2-HIGH,Clerk#000000471,0,"xes. bold, even pains cajole carefully according to the fluffily iron"
2401381,83206,O,20328.1,18-07-1996,1-URGENT,Clerk#000000567,0,old packages haggle quickly furiously final accounts. blithely bold d
2401382,134935,O,264681.63,07-02-1997,1-URGENT,Clerk#000000342,0,xes sleep carefully slyly pending packages. slyly ironic excuses across the s
2401383,143263,F,36511.66,14-09-1994,4-NOT SPECIFIED,Clerk#000000364,0,accounts. ironic ideas are over the bravely unusual pac
2401408,12377,O,203238.86,14-07-1995,4-NOT SPECIFIED,Clerk#000000788,0,blithely regular excuses wake according
2401409,108560,F,267317.09,02-10-1994,4-NOT SPECIFIED,Clerk#000000820,0, unusual requests against
2401410,106598,O,229456.07,24-12-1995,1-URGENT,Clerk#000000479,0,"ng the final, regular instructions. slyly bold accounts wake around the sl"
2401411,126736,O,18799.09,16-10-1995,5-LOW,Clerk#000000411,0,ges. slyly ironic theodolites caj
2401412,39038,O,50383.14,05-01-1998,2-HIGH,Clerk#000000333,0,he theodolites. blithely pending depos
2401413,2000,O,296133.94,10-08-1996,1-URGENT,Clerk#000000187,0,"arefully final decoys. final, final p"
2401414,40,O,187172.94,26-04-1996,3-MEDIUM,Clerk#000000789,0,furiously furiously special theodolites. regular packages
2401415,55106,F,141984.7,25-08-1993,4-NOT SPECIFIED,Clerk#000000585,0,l pinto beans. requests nag blithely. express
2401440,63980,F,323534.06,07-08-1994,1-URGENT,Clerk#000000639,0," carefully bold accounts. pending, unusual pac"
2401441,105715,O,352718.38,18-11-1995,1-URGENT,Clerk#000000767,0,es. accounts above the carefully regu
2401442,136361,F,54862.86,15-09-1993,4-NOT SPECIFIED,Clerk#000000519,0, unusual packages nag slyly against the ste
2401443,104971,O,204394.15,09-09-1995,4-NOT SPECIFIED,Clerk#000000766,0,among the furiously final accounts. blithely bold pinto beans except the spec
2401444,67744,O,145334.62,10-10-1997,2-HIGH,Clerk#000000275,0,ly final instructions.
2401445,67249,F,82819.38,10-11-1993,3-MEDIUM,Clerk#000000749,0,ully bold dependencies. always regular theodolites eat packages? slyly iro
2401446,137183,F,61836.59,15-03-1992,5-LOW,Clerk#000000067,0,"l deposits. even packages wake daringly above the careful, regular excuses. f"
2401447,121687,F,340906.58,21-01-1995,5-LOW,Clerk#000000407,0, the unusual theodolites sleep carefully slyly ironic foxes
2401472,72121,O,100019.05,29-11-1996,5-LOW,Clerk#000000595,0,ld thinly among the fluffily regular warthogs; slyly even id
2401473,122222,O,134201.77,17-10-1997,1-URGENT,Clerk#000000749,0,is nag furiously. slyl
2401474,71455,O,206602.05,30-03-1996,1-URGENT,Clerk#000000366,0,le bold attainments. slyly final dugouts against the carefully final pack
2401475,12749,F,200650.12,21-01-1994,2-HIGH,Clerk#000000033,0,final instructions are blithely after the slyly unusual excuses. bl
2401476,56785,F,348893.02,23-11-1992,1-URGENT,Clerk#000000632,0,carefully dependencies. furiously unusual excuses are sly
2401477,53489,F,70024.1,09-09-1993,5-LOW,Clerk#000000046,0, the carefully pending deposits play quickly accor
2401478,28199,F,256720.38,24-08-1992,3-MEDIUM,Clerk#000000269,0,"y ironic, bold accounts. carefully quiet "
2401479,75637,O,130204.5,30-07-1997,2-HIGH,Clerk#000000750,0,fully. packages along the carefully ironic instructions engage slyly 
2401504,126292,O,59735.88,15-03-1997,3-MEDIUM,Clerk#000000118,0,lent deposits wake blithely at the furious
2401505,87877,F,13079.8,31-03-1993,5-LOW,Clerk#000000566,0,"ckly special, permanent"
2401506,26150,F,15743.75,12-08-1994,3-MEDIUM,Clerk#000000667,0,beans. accounts lose fluffily slyly final excuses. express fra
2401507,142618,P,197553.4,14-05-1995,2-HIGH,Clerk#000000077,0,p according to the 
2401508,125551,F,139586.2,02-07-1993,5-LOW,Clerk#000000965,0,promise carefully above the qui
2401509,60442,O,309392.48,28-08-1997,4-NOT SPECIFIED,Clerk#000000653,0,ng the furiously express excuses could have to impress blithely r
2401510,40270,O,134120.75,13-10-1995,1-URGENT,Clerk#000000989,0,cing theodolites across the expres
2401511,7262,O,23917.61,27-10-1996,1-URGENT,Clerk#000000303,0,ts. slyly final requests use 
2401536,96982,F,287603.18,19-11-1993,5-LOW,Clerk#000000343,0,e the final deposits sleep according to the unusu
2401537,66583,O,126645.11,06-11-1996,4-NOT SPECIFIED,Clerk#000000680,0,"e blithely pending, special braids. furiously special"
2401538,54044,O,93103.84,11-07-1995,3-MEDIUM,Clerk#000000123,0,uriously slyly bold packages. carefully regular ideas cajole caref
2401539,55366,O,209304.36,01-10-1995,1-URGENT,Clerk#000000318,0,"lent, even excuses sleep instructions. furiously regular d"
2401540,73649,F,94887.86,10-03-1993,1-URGENT,Clerk#000000509,0,ding accounts haggle slyly instructions. express packages detect flu
2401541,9601,O,132443.03,29-09-1995,2-HIGH,Clerk#000000205,0,ect fluffily. fluff
2401542,98803,F,308539.73,12-12-1992,1-URGENT,Clerk#000000354,0,the blithely express ideas. stealthily even pinto beans along t
2401543,64714,O,153584.52,05-04-1996,4-NOT SPECIFIED,Clerk#000000121,0,"idle, ironic dependencies across the packages cajole furiou"
2401568,114748,O,367004,10-12-1996,2-HIGH,Clerk#000000345,0,o beans. blithely bold accounts above th
2401569,147346,F,178329.18,12-02-1994,2-HIGH,Clerk#000000613,0,slyly final pinto beans about the blithely final packages are agains
2401570,79487,O,49501.68,10-09-1996,1-URGENT,Clerk#000000237,0,"xes. idly even platelets sleep carefully. regular, ironic accounts"
2401571,29695,F,170400.27,27-09-1994,2-HIGH,Clerk#000000502,0,ke blithely. ironic requests are furiously iron
2401572,1907,O,53184.94,25-06-1997,4-NOT SPECIFIED,Clerk#000000441,0,he silent packages cajole across the requests. fur
2401573,84805,F,139364.69,26-05-1993,2-HIGH,Clerk#000000730,0,ic theodolites. accounts thrash quickly. blithely even packages nag carefu
2401574,5167,F,49395.95,16-07-1993,1-URGENT,Clerk#000000256,0,special ideas use thinly fu
2401575,127568,F,228580.7,07-12-1994,2-HIGH,Clerk#000000816,0, regular theodolites. quickly bold requests thrash car
2401600,72581,F,70020.77,21-05-1994,3-MEDIUM,Clerk#000000951,0,sits shall boost. special instructions print quickly furiously bold pinto b
2401601,52714,F,281800.56,15-01-1993,1-URGENT,Clerk#000000404,0,y quickly regular as
2401602,62500,F,193045.53,22-09-1993,4-NOT SPECIFIED,Clerk#000000834,0,ringly express requests boost besides the regular accou
2401603,129724,F,18480.58,27-12-1994,5-LOW,Clerk#000000171,0,aggle furiously fluffily ironic accounts. carefully
2401604,18199,F,127209.29,29-03-1995,1-URGENT,Clerk#000000700,0,ironic courts. quickly regular instructions above the furiously 
2401605,2497,F,110595.05,08-06-1992,1-URGENT,Clerk#000000954,0,ts. bold packages across the special ideas wake closely i
2401606,115963,O,272105.61,22-12-1995,4-NOT SPECIFIED,Clerk#000000268,0, accounts sleep blithely. ironic deposits x-ray care
2401607,24133,O,167854.7,30-07-1996,2-HIGH,Clerk#000000802,0,ronic instructions across the carefully ironic pa
2401632,144890,O,104345.21,23-02-1997,2-HIGH,Clerk#000000451,0, the regular accounts. blithely regular waters detect carefully agains
2401633,57058,F,26275.06,08-04-1992,5-LOW,Clerk#000000330,0,pt the slowly final theodolites affix f
2401634,13504,F,97489.77,01-03-1994,1-URGENT,Clerk#000000745,0,s nag carefully carefully bold dependencies. blithely regular depe
2401635,147083,F,72086.79,26-05-1994,4-NOT SPECIFIED,Clerk#000000251,0,ove the express dependencies. regular asymp
2401636,13324,F,65092.96,15-11-1993,2-HIGH,Clerk#000000484,0,elets alongside of the pending realms boost acro
2401637,107131,F,107796.99,18-03-1994,3-MEDIUM,Clerk#000000810,0," to the final, even dependencies. requests boost. fina"
2401638,76886,O,79666.25,04-01-1997,2-HIGH,Clerk#000000024,0,y regular braids haggle quickly bold packages. furiously enticing exc
2401639,113221,O,33687.19,16-01-1996,1-URGENT,Clerk#000000459,0,t decoys believe slyly according to the
2401664,124585,F,260946.66,01-01-1995,4-NOT SPECIFIED,Clerk#000000270,0," requests among the express, express asymptotes nod "
2401665,18688,F,10834.11,01-04-1993,1-URGENT,Clerk#000000347,0,onic packages doubt. silently silent platelets around the bold 
2401666,134011,F,179960.25,23-05-1993,1-URGENT,Clerk#000000645,0,es eat slyly excuses. carefully final packages cajole c
2401667,41863,O,17929.08,09-10-1996,2-HIGH,Clerk#000000503,0,ular foxes. furiously ironic foxes are blith
2401668,63679,F,128876.06,15-01-1992,1-URGENT,Clerk#000000787,0,ake carefully. blithely unusual dependenci
2401669,143003,O,77383.56,05-10-1997,5-LOW,Clerk#000000036,0,ckly along the daringly spec
2401670,136390,F,47886.67,05-02-1994,5-LOW,Clerk#000000268,0,requests cajole after the carefully special accounts. special depo
2401671,128656,F,80504.94,03-09-1993,4-NOT SPECIFIED,Clerk#000000173,0,carefully final deposits against the 
2401696,43718,O,139859.23,11-01-1998,3-MEDIUM,Clerk#000000168,0,"ng to the regular, final packag"
2401697,62671,F,31509.5,20-08-1994,5-LOW,Clerk#000000912,0,ing ideas. carefully bold deposits cajole. bold d
2401698,142430,F,105759.19,29-07-1992,5-LOW,Clerk#000000921,0,g somas. slyly final instructions detect along the carefully e
2401699,109156,F,294407.35,28-05-1992,4-NOT SPECIFIED,Clerk#000000268,0,"final, regular pinto be"
2401700,62654,O,221480.65,18-02-1997,2-HIGH,Clerk#000000674,0,"sual requests. pending, ironic realms above the"
2401701,12335,F,245832.51,09-03-1993,5-LOW,Clerk#000000814,0," blithely unusual pinto beans cajole carefully pending, final pla"
2401702,149294,O,123760.16,27-12-1997,1-URGENT,Clerk#000000739,0,onic instructions. slyly i
2401703,118240,O,124842.87,14-05-1998,4-NOT SPECIFIED,Clerk#000000801,0,mong the pinto beans. regular requests hinder slyly 
2401728,43291,O,151775.68,26-02-1998,5-LOW,Clerk#000000732,0,sts are slyly along the foxes. fluffily regular asymptotes sleep furiously 
2401729,79102,F,227803.47,30-01-1995,4-NOT SPECIFIED,Clerk#000000557,0,even theodolites. quickly ironic foxes about the bo
2401730,14557,F,135555.52,26-02-1994,4-NOT SPECIFIED,Clerk#000000580,0,fter the furiously ironic ideas. quickly reg
2401731,129988,O,271027.89,10-07-1995,4-NOT SPECIFIED,Clerk#000000657,0,ular platelets along
2401732,77353,F,204693.14,27-02-1993,3-MEDIUM,Clerk#000000102,0,"al, ironic packages sleep. silent, even fox"
2401733,13241,F,382326.21,13-10-1994,1-URGENT,Clerk#000000950,0,dencies. furiously even asymptotes are dugouts. furio
2401734,83077,O,32965.03,25-05-1998,3-MEDIUM,Clerk#000000643,0,. furiously final foxes cajole bravely ab
2401735,55727,O,92956.27,15-01-1998,5-LOW,Clerk#000000016,0,ly ironic dinos. excuses affix enticingly. furio
2401760,2497,O,24601.67,28-10-1997,2-HIGH,Clerk#000000182,0,ect blithely carefully final deposits. quickly unu
2401761,105142,F,239388.3,04-11-1994,4-NOT SPECIFIED,Clerk#000000249,0,kages cajole carefully special pinto beans. furiously bold n
2401762,116564,O,135701.95,01-02-1996,2-HIGH,Clerk#000000326,0,about the regular theodolites! express accounts cajole furiously
2401763,82753,F,181122.3,01-10-1994,5-LOW,Clerk#000000760,0,l ideas use blithely unusual sheaves; slyly special theodolites al
2401764,319,F,190277.86,03-01-1992,2-HIGH,Clerk#000000287,0,", final instructions haggle carefully pending deposits. regular ideas dazzle"
2401765,86161,F,90106.22,20-01-1995,5-LOW,Clerk#000000258,0,regular theodolites haggle carefully carefully pending accounts.
2401766,125060,O,90619.62,26-10-1997,5-LOW,Clerk#000000144,0,ess theodolites above 
2401767,71789,F,82134.56,04-08-1994,5-LOW,Clerk#000000238,0,usly bold courts. slyly blith
2401792,92716,O,93173.92,27-07-1995,1-URGENT,Clerk#000000583,0,inal packages doze. furious
2401793,65641,F,110095.85,21-05-1994,3-MEDIUM,Clerk#000000254,0,requests are blithely. realms wake theodolites. express requests could have
2401794,103556,O,234822.58,09-04-1996,1-URGENT,Clerk#000000355,0,ly express foxes among the bold inst
2401795,13786,O,262867.15,19-01-1996,1-URGENT,Clerk#000000582,0,uriously bold packages. fluffily pending foxe
2401796,99583,F,97442.4,24-06-1993,3-MEDIUM,Clerk#000000586,0,"gular ideas. final, even packages nag final ideas. final asymptotes eat. "
2401797,132871,F,93126.11,14-01-1992,1-URGENT,Clerk#000000098,0,ss foxes. quickly express deposits haggle slyly deposits. slyly silent gifts
2401798,94190,F,69015.54,29-01-1995,4-NOT SPECIFIED,Clerk#000000198,0, accounts sleep. furiously regular theodolites above the slyly bold req
2401799,100295,F,192915.52,01-03-1995,4-NOT SPECIFIED,Clerk#000000748,0,ructions impress bl
2401824,106000,F,55172.63,19-04-1994,5-LOW,Clerk#000000790,0,pecial excuses are quickly according to the f
2401825,138808,F,317510.24,18-03-1993,4-NOT SPECIFIED,Clerk#000000233,0,s are slyly. carefully bold foxes use blit
2401826,135529,O,192456.33,08-08-1997,3-MEDIUM,Clerk#000000118,0,"ular, final theodolites after the carefully silent depo"
2401827,52411,O,235399.71,11-09-1995,2-HIGH,Clerk#000000293,0,s the idle excuses. blithely regular e
2401828,49936,F,227368.27,17-02-1994,4-NOT SPECIFIED,Clerk#000000562,0, quickly bold ideas haggle fluffily above 
2401829,147196,O,64754.06,26-02-1998,3-MEDIUM,Clerk#000000236,0,ully alongside of the quickly express deposits. slyly even accounts af
2401830,111542,O,223667.78,19-12-1995,4-NOT SPECIFIED,Clerk#000000208,0,unts engage carefully. quickly unusual accounts
2401831,122996,O,304829.37,01-01-1997,1-URGENT,Clerk#000000433,0,slyly bold dependencies dazzle slyly according to the furious
2401856,37360,O,141885.74,28-06-1995,5-LOW,Clerk#000000240,0,the even deposits. slyly final p
2401857,131260,F,243715.54,17-11-1993,5-LOW,Clerk#000000932,0,y. carefully special courts
2401858,12859,O,84366.75,18-09-1995,3-MEDIUM,Clerk#000000657,0,wake furiously above the carefully ironic accounts. slyly regular depo
2401859,97231,O,56536.42,12-02-1998,1-URGENT,Clerk#000000345,0," haggle blithely ironic packages. regular attainments affix at the special, "
2401860,53441,F,48649.26,30-11-1994,5-LOW,Clerk#000000089,0,nic requests solve carefully carefully regular asymptotes. permane
2401861,124645,F,114313.54,22-03-1994,3-MEDIUM,Clerk#000000474,0,nent packages cajole never. ruthle
2401862,148930,O,26387.84,31-01-1996,2-HIGH,Clerk#000000541,0,e about the fluffily final theodolites. blithely special requests detect 
2401863,13289,F,106460.11,18-04-1994,2-HIGH,Clerk#000000804,0,print slyly ironic requests. quickly ironic packages wake blithely beh
2401888,136342,F,76470.68,15-02-1994,5-LOW,Clerk#000000640,0,ans are across the even packages. deposits cajole slyly on the accoun
2401889,78691,O,141952.55,29-03-1998,2-HIGH,Clerk#000000983,0," special packages breach. pending, express "
2401890,133664,F,49469.38,12-02-1995,4-NOT SPECIFIED,Clerk#000000249,0,"nal packages haggle blithely regular courts. furious, regular de"
2401891,82487,O,221303.88,25-01-1997,4-NOT SPECIFIED,Clerk#000000022,0,"ic, ironic deposits might wake slyly express dependencies. carefully"
2401892,54913,F,151744.09,02-04-1992,4-NOT SPECIFIED,Clerk#000000022,0,ckages wake carefully along the quickly ironic deposits. furiou
2401893,112112,F,81403.02,08-05-1993,4-NOT SPECIFIED,Clerk#000000289,0,lly dogged pinto beans nag b
2401894,107434,O,134282.49,25-12-1995,3-MEDIUM,Clerk#000000209,0,y express excuses. furious accounts about the spec
2401895,91582,F,234408.35,15-03-1993,4-NOT SPECIFIED,Clerk#000000291,0,s deposits. instructions haggle furiousl
2401920,37180,O,71266.66,01-04-1998,1-URGENT,Clerk#000000302,0,y furiously regular requests. special foxes use about the f
2401921,131449,F,107876.14,24-02-1993,1-URGENT,Clerk#000000332,0,ove the deposits. regular theodolites after the bl
2401922,46891,F,97460.75,16-06-1994,1-URGENT,Clerk#000000860,0,tions. slyly special id
2401923,128579,O,208001.51,14-06-1996,2-HIGH,Clerk#000000333,0,oxes sleep blithely above the furiously even dolphins. quickly pending account
2401924,113530,O,120692.62,28-05-1996,1-URGENT,Clerk#000000499,0,totes hinder furiously ironic requests-- furiously silent theodolites cajole 
2401925,96551,F,46517.18,23-06-1993,4-NOT SPECIFIED,Clerk#000000702,0,sly along the enticing ideas! furiously silent deposits
2401926,21919,F,242432.39,30-10-1992,4-NOT SPECIFIED,Clerk#000000500,0,"he pending, pending deposi"
2401927,133003,O,51073.68,14-05-1996,2-HIGH,Clerk#000000877,0," haggle furiously special, ironic exc"
2401952,81031,F,216368.54,25-07-1993,5-LOW,Clerk#000000829,0,bout the carefully even deposits. regular 
2401953,9026,F,108756.95,13-12-1993,2-HIGH,Clerk#000000941,0,nly along the requests. bold pla
2401954,39706,O,68369.36,19-08-1997,3-MEDIUM,Clerk#000000753,0,ages wake quickly: fluffily bold deposits detect carefully! furiously s
2401955,138646,F,205250.19,04-02-1992,1-URGENT,Clerk#000000916,0,"ts. slyly final ideas wake according to the bold, bold i"
2401956,100756,F,44851.84,05-02-1995,2-HIGH,Clerk#000000577,0,ic deposits hang around the furio
2401957,50485,O,264077.94,17-09-1995,5-LOW,Clerk#000000996,0,"nts around the express, bold packages sleep fluffily alongside"
2401958,79958,F,98113.12,28-04-1994,5-LOW,Clerk#000000775,0,regular instructions boost quickly regul
2401959,148138,O,327417.21,03-01-1996,5-LOW,Clerk#000000119,0,kly according to the slyly unusual accounts. even
2401984,42667,F,38022.3,29-10-1993,3-MEDIUM,Clerk#000000973,0,"ests sleep carefully after the special requests. express, "
2401985,76934,F,167086.63,07-08-1992,1-URGENT,Clerk#000000785,0,"accounts are against the pending, quiet pinto beans. asymptotes are carefull"
2401986,18298,F,167125.99,16-03-1995,4-NOT SPECIFIED,Clerk#000000501,0, theodolites haggle carefully quick pinto beans; carefully even
2401987,11698,F,157354.89,15-05-1993,3-MEDIUM,Clerk#000000586,0,ges unwind boldly against
2401988,98048,O,33928.11,12-05-1998,3-MEDIUM,Clerk#000000517,0,asymptotes haggle. accounts according to the quickly regular ideas 
